id,parent,children,severity,category,title,client,ap,ssid,count,start_local,end_local,start,end,channels,sensors,tags,explanation
F0001,,63,critical,802.1X / EAP failure,802.1X failing for 63 clients on SSID-0e75838f across 26 APs,,00:0b:86-0b991e0b70;00:0b:86-0da635ce66;00:0b:86-143aa8e7fd;00:0b:86-1495ce4659;00:0b:86-1dc725a6cc;00:0b:86-3432b1b328;00:0b:86-3b95d0bfdb;00:0b:86-45300fa5c1;00:0b:86-55947c78a0;00:0b:86-5e7efdd7b4;00:0b:86-734f7dc6c1;00:0b:86-9d11e95964;00:0b:86-9da59c4184;00:0b:86-a788a12c6b;00:0b:86-b331ee2a78;00:0b:86-b65eae4906;00:0b:86-b8a91d3700;00:0b:86-c563bec2bb;00:0b:86-c6dc21f959;00:0b:86-cb422be1c8;00:0b:86-d0fc6f9ef6;00:0b:86-dae30fdf22;00:0b:86-df7c557123;00:0b:86-e3d3096560;00:0b:86-f1139be7fc;00:0b:86-fde6a3f13a,SSID-0e75838f,63,14:24:23,14:54:08,1789561463.025473,1789563248.225268,149;153;157;161;36;40;44;48,sensor01;sensor02;sensor03;sensor04;sensor05;sensor06;sensor07;sensor08,systemic,"63 clients failed on SSID-0e75838f across 26 APs (656 attempts, 14:24:23-14:54:08); ended by AP reason 23 (802.1X authentication failed) x502, AP reason 2 (previous auth no longer valid) x139; most common: EAP identity loop: AP never started EAP method (client not audible to sensor) (529 of 656); clients answered in 127 of 127 failed attempts where a sensor could hear them, so the clients are not the problem; other SSIDs are connecting: SSID-72f1f8be (31 joined)."
F0002,F0001,0,warning,802.1X / EAP failure,802.1X failing for 3c:58:c2-ffa8f97013 on SSID-0e75838f,3c:58:c2-ffa8f97013,00:0b:86-df7c557123,SSID-0e75838f,14,14:24:31,14:53:56,1789561471.837627,1789563236.854806,149,sensor05,identity loop;AP side only,"14 attempts on 1 AP; 14 identity loops: the AP asked for the identity 22x and never started the EAP method; the client itself was never heard by a sensor (AP side only); ended by AP reason 2 (previous auth no longer valid) x10, AP reason 23 (802.1X authentication failed) x4."
F0003,F0001,0,warning,802.1X / EAP failure,802.1X failing for 3c:58:c2-1aba9a6208 on SSID-0e75838f,3c:58:c2-1aba9a6208,00:0b:86-0b991e0b70,SSID-0e75838f,13,14:24:25,14:51:33,1789561465.033541,1789563093.05963,36,sensor01,identity loop;AP side only,"13 attempts on 1 AP; 13 identity loops: the AP asked for the identity 21x and never started the EAP method; the client itself was never heard by a sensor (AP side only); ended by AP reason 2 (previous auth no longer valid) x9, AP reason 23 (802.1X authentication failed) x4."
F0004,F0001,0,warning,802.1X / EAP failure,802.1X failing for 3c:58:c2-6aa6450e39 on SSID-0e75838f,3c:58:c2-6aa6450e39,00:0b:86-734f7dc6c1,SSID-0e75838f,13,14:24:28,14:51:00,1789561468.302495,1789563060.163921,44,sensor03,identity loop;client answered,"13 attempts on 1 AP; 13 identity loops: the AP asked for the identity 21x and never started the EAP method; client answered 21 EAP requests; ended by AP reason 2 (previous auth no longer valid) x9, AP reason 23 (802.1X authentication failed) x4."
F0005,F0001,0,warning,802.1X / EAP failure,802.1X failing for 3c:58:c2-6d47d7524b on SSID-0e75838f,3c:58:c2-6d47d7524b,00:0b:86-cb422be1c8,SSID-0e75838f,13,14:24:35,14:52:48,1789561475.514014,1789563168.544077,153,sensor06,identity loop;AP side only,"13 attempts on 1 AP; 13 identity loops: the AP asked for the identity 22x and never started the EAP method; the client itself was never heard by a sensor (AP side only); ended by AP reason 2 (previous auth no longer valid) x9, AP reason 23 (802.1X authentication failed) x4."
F0006,F0001,0,warning,802.1X / EAP failure,802.1X failing for 3c:58:c2-4bab98f9a2 on SSID-0e75838f,3c:58:c2-4bab98f9a2,00:0b:86-45300fa5c1,SSID-0e75838f,13,14:24:43,14:52:39,1789561483.357905,1789563159.410681,40,sensor02,identity loop;client answered,"13 attempts on 1 AP; 13 identity loops: the AP asked for the identity 22x and never started the EAP method; client answered 22 EAP requests; ended by AP reason 2 (previous auth no longer valid) x8, AP reason 23 (802.1X authentication failed) x5."
F0007,F0001,0,warning,802.1X / EAP failure,802.1X failing for 3c:58:c2-1573a89e66 on SSID-0e75838f,3c:58:c2-1573a89e66,00:0b:86-dae30fdf22,SSID-0e75838f,12,14:24:23,14:50:53,1789561463.025473,1789563053.149606,36,sensor01,identity loop;AP side only,"12 attempts on 1 AP; 12 identity loops: the AP asked for the identity 19x and never started the EAP method; the client itself was never heard by a sensor (AP side only); ended by AP reason 2 (previous auth no longer valid) x8, AP reason 23 (802.1X authentication failed) x4."
F0008,F0001,0,warning,802.1X / EAP failure,802.1X failing for 3c:58:c2-10a409d205 on SSID-0e75838f,3c:58:c2-10a409d205,00:0b:86-3432b1b328,SSID-0e75838f,12,14:24:32,14:51:39,1789561472.084058,1789563099.976182,48,sensor04,identity loop;AP side only,"12 attempts on 1 AP; 12 identity loops: the AP asked for the identity 20x and never started the EAP method; the client itself was never heard by a sensor (AP side only); ended by AP reason 2 (previous auth no longer valid) x8, AP reason 23 (802.1X authentication failed) x3."
F0009,F0001,0,warning,802.1X / EAP failure,802.1X failing for 3c:58:c2-84a3474d9a on SSID-0e75838f,3c:58:c2-84a3474d9a,00:0b:86-b331ee2a78,SSID-0e75838f,12,14:24:36,14:53:39,1789561476.871499,1789563219.858156,157,sensor07,identity loop;AP side only,"12 attempts on 1 AP; 12 identity loops: the AP asked for the identity 22x and never started the EAP method; the client itself was never heard by a sensor (AP side only); ended by AP reason 2 (previous auth no longer valid) x7, AP reason 23 (802.1X authentication failed) x5."
F0010,F0001,0,warning,802.1X / EAP failure,802.1X failing for 3c:58:c2-e3fecc08f1 on SSID-0e75838f,3c:58:c2-e3fecc08f1,00:0b:86-3b95d0bfdb,SSID-0e75838f,12,14:24:39,14:52:30,1789561479.893816,1789563150.848486,161,sensor08,identity loop;client answered,"12 attempts on 1 AP; 12 identity loops: the AP asked for the identity 22x and never started the EAP method; client answered 21 EAP requests; ended by AP reason 2 (previous auth no longer valid) x7, AP reason 23 (802.1X authentication failed) x5."
F0011,F0001,0,warning,802.1X / EAP failure,802.1X failing for 3c:58:c2-3ef95b8867 on SSID-0e75838f,3c:58:c2-3ef95b8867,00:0b:86-e3d3096560,SSID-0e75838f,12,14:24:41,14:51:53,1789561481.061757,1789563113.909907,36,sensor01,identity loop;AP side only,"12 attempts on 1 AP; 12 identity loops: the AP asked for the identity 22x and never started the EAP method; the client itself was never heard by a sensor (AP side only); ended by AP reason 2 (previous auth no longer valid) x7, AP reason 23 (802.1X authentication failed) x5."
F0012,F0001,0,warning,802.1X / EAP failure,802.1X failing for 3c:58:c2-2f72ce1e3b on SSID-0e75838f,3c:58:c2-2f72ce1e3b,00:0b:86-9da59c4184,SSID-0e75838f,12,14:24:44,14:50:50,1789561484.292784,1789563050.194608,44,sensor03,identity loop;AP side only,"12 attempts on 1 AP; 12 identity loops: the AP asked for the identity 22x and never started the EAP method; the client itself was never heard by a sensor (AP side only); ended by AP reason 2 (previous auth no longer valid) x7, AP reason 23 (802.1X authentication failed) x5."
F0013,F0001,0,warning,802.1X / EAP failure,802.1X failing for 3c:58:c2-cb8be67ab4 on SSID-0e75838f,3c:58:c2-cb8be67ab4,00:0b:86-1dc725a6cc,SSID-0e75838f,12,14:24:47,14:53:11,1789561487.81715,1789563191.755392,149,sensor05,identity loop;AP side only,"12 attempts on 1 AP; 12 identity loops: the AP asked for the identity 20x and never started the EAP method; the client itself was never heard by a sensor (AP side only); ended by AP reason 2 (previous auth no longer valid) x8, AP reason 23 (802.1X authentication failed) x4."
F0014,F0001,0,warning,802.1X / EAP failure,802.1X failing for 3c:58:c2-8f47a496dd on SSID-0e75838f,3c:58:c2-8f47a496dd,00:0b:86-d0fc6f9ef6,SSID-0e75838f,12,14:24:49,14:51:09,1789561489.801168,1789563069.694803,149,sensor05,identity loop;AP side only,"12 attempts on 1 AP; 12 identity loops: the AP asked for the identity 21x and never started the EAP method; the client itself was never heard by a sensor (AP side only); ended by AP reason 2 (previous auth no longer valid) x8, AP reason 23 (802.1X authentication failed) x4."
F0015,F0001,0,warning,802.1X / EAP failure,802.1X failing for 3c:58:c2-994b598cb2 on SSID-0e75838f,3c:58:c2-994b598cb2,00:0b:86-b65eae4906,SSID-0e75838f,12,14:24:57,14:53:41,1789561497.919835,1789563221.806629,161,sensor08,identity loop;AP side only,"12 attempts on 1 AP; 12 identity loops: the AP asked for the identity 22x and never started the EAP method; the client itself was never heard by a sensor (AP side only); ended by AP reason 2 (previous auth no longer valid) x7, AP reason 23 (802.1X authentication failed) x5."
F0016,F0001,0,warning,802.1X / EAP failure,802.1X failing for 3c:58:c2-097b69888b on SSID-0e75838f,3c:58:c2-097b69888b,00:0b:86-c6dc21f959,SSID-0e75838f,12,14:25:01,14:50:41,1789561501.352371,1789563041.265387,40,sensor02,identity loop;AP side only,"12 attempts on 1 AP; 12 identity loops: the AP asked for the identity 22x and never started the EAP method; the client itself was never heard by a sensor (AP side only); ended by AP reason 2 (previous auth no longer valid) x7, AP reason 23 (802.1X authentication failed) x5."
F0017,F0001,0,warning,802.1X / EAP failure,802.1X failing for 3c:58:c2-43956502f3 on SSID-0e75838f,3c:58:c2-43956502f3,00:0b:86-c563bec2bb,SSID-0e75838f,12,14:25:02,14:53:52,1789561502.304256,1789563232.148664,44,sensor03,identity loop;AP side only,"12 attempts on 1 AP; 12 identity loops: the AP asked for the identity 22x and never started the EAP method; the client itself was never heard by a sensor (AP side only); ended by AP reason 2 (previous auth no longer valid) x7, AP reason 23 (802.1X authentication failed) x5."
F0018,F0001,0,warning,802.1X / EAP failure,802.1X failing for 3c:58:c2-378e716724 on SSID-0e75838f,3c:58:c2-378e716724,00:0b:86-0da635ce66,SSID-0e75838f,12,14:25:06,14:53:03,1789561506.109449,1789563183.994673,48,sensor04,identity loop;client answered,"12 attempts on 1 AP; 12 identity loops: the AP asked for the identity 22x and never started the EAP method; client answered 22 EAP requests; ended by AP reason 2 (previous auth no longer valid) x7, AP reason 23 (802.1X authentication failed) x5."
F0019,F0001,0,warning,802.1X / EAP failure,802.1X failing for 3c:58:c2-587dfbc52e on SSID-0e75838f,3c:58:c2-587dfbc52e,00:0b:86-5e7efdd7b4,SSID-0e75838f,12,14:25:21,14:54:02,1789561521.35675,1789563242.478262,40,sensor02,identity loop;AP side only,12 attempts on 1 AP; 12 identity loops: the AP asked for the identity 28x and never started the EAP method; the client itself was never heard by a sensor (AP side only); ended by AP reason 23 (802.1X authentication failed) x10.
F0020,F0001,0,warning,802.1X / EAP failure,802.1X failing for 3c:58:c2-0d5c056514 on SSID-0e75838f,3c:58:c2-0d5c056514,00:0b:86-9d11e95964,SSID-0e75838f,11,14:24:59,14:51:23,1789561499.03548,1789563083.923903,36,sensor01,identity loop;AP side only,"11 attempts on 1 AP; 11 identity loops: the AP asked for the identity 21x and never started the EAP method; the client itself was never heard by a sensor (AP side only); ended by AP reason 2 (previous auth no longer valid) x6, AP reason 23 (802.1X authentication failed) x5."
F0021,F0001,0,warning,802.1X / EAP failure,802.1X failing for 3c:58:c2-6a5d787359 on SSID-0e75838f,3c:58:c2-6a5d787359,00:0b:86-1495ce4659,SSID-0e75838f,11,14:25:11,14:52:12,1789561511.51086,1789563132.678684,153,sensor06,identity loop;AP side only,11 attempts on 1 AP; 11 identity loops: the AP asked for the identity 29x and never started the EAP method; the client itself was never heard by a sensor (AP side only); ended by AP reason 23 (802.1X authentication failed) x10.
F0022,F0001,0,warning,802.1X / EAP failure,802.1X failing for 3c:58:c2-7809431a6a on SSID-0e75838f,3c:58:c2-7809431a6a,00:0b:86-a788a12c6b,SSID-0e75838f,11,14:25:15,14:54:08,1789561515.90027,1789563248.225268,161,sensor08,identity loop;AP side only,11 attempts on 1 AP; 11 identity loops: the AP asked for the identity 28x and never started the EAP method; the client itself was never heard by a sensor (AP side only); ended by AP reason 23 (802.1X authentication failed) x10.
F0023,F0001,0,warning,802.1X / EAP failure,802.1X failing for f0:18:98-8ddc6d3e6b on SSID-0e75838f,f0:18:98-8ddc6d3e6b,00:0b:86-df7c557123,SSID-0e75838f,11,14:25:31,14:52:33,1789561531.816875,1789563153.990123,149,sensor05,identity loop;AP side only,11 attempts on 1 AP; 11 identity loops: the AP asked for the identity 29x and never started the EAP method; the client itself was never heard by a sensor (AP side only); ended by AP reason 23 (802.1X authentication failed) x10.
F0024,F0001,0,warning,802.1X / EAP failure,802.1X failing for f0:18:98-cce6133e5a on SSID-0e75838f,f0:18:98-cce6133e5a,00:0b:86-3b95d0bfdb,SSID-0e75838f,11,14:26:39,14:52:16,1789561599.936589,1789563136.118342,161,sensor08,identity loop;AP side only,11 attempts on 1 AP; 11 identity loops: the AP asked for the identity 29x and never started the EAP method; the client itself was never heard by a sensor (AP side only); ended by AP reason 23 (802.1X authentication failed) x10.
F0025,F0001,0,warning,802.1X / EAP failure,802.1X failing for 3c:58:c2-21a508ab2f on SSID-0e75838f,3c:58:c2-21a508ab2f,00:0b:86-143aa8e7fd,SSID-0e75838f,10,14:25:07,14:53:23,1789561507.812978,1789563203.972082,149,sensor05,identity loop;AP side only,10 attempts on 1 AP; 10 identity loops: the AP asked for the identity 30x and never started the EAP method; the client itself was never heard by a sensor (AP side only); ended by AP reason 23 (802.1X authentication failed) x10.
F0026,F0001,0,warning,802.1X / EAP failure,802.1X failing for 3c:58:c2-8cec373fc8 on SSID-0e75838f,3c:58:c2-8cec373fc8,00:0b:86-fde6a3f13a,SSID-0e75838f,10,14:25:08,14:52:31,1789561508.085872,1789563151.269969,48,sensor04,identity loop;client answered,10 attempts on 1 AP; 10 identity loops: the AP asked for the identity 27x and never started the EAP method; client answered 30 EAP requests; ended by AP reason 23 (802.1X authentication failed) x10.
F0027,F0001,0,warning,802.1X / EAP failure,802.1X failing for 3c:58:c2-2ae0be4391 on SSID-0e75838f,3c:58:c2-2ae0be4391,00:0b:86-b8a91d3700,SSID-0e75838f,10,14:25:12,14:52:49,1789561512.834985,1789563169.940159,157,sensor07,identity loop;AP side only,10 attempts on 1 AP; 10 identity loops: the AP asked for the identity 30x and never started the EAP method; the client itself was never heard by a sensor (AP side only); ended by AP reason 23 (802.1X authentication failed) x9.
F0028,F0001,0,warning,802.1X / EAP failure,802.1X failing for 3c:58:c2-18775f7355 on SSID-0e75838f,3c:58:c2-18775f7355,00:0b:86-f1139be7fc,SSID-0e75838f,10,14:25:17,14:53:22,1789561517.029635,1789563202.197007,36,sensor01,identity loop;AP side only,10 attempts on 1 AP; 10 identity loops: the AP asked for the identity 30x and never started the EAP method; the client itself was never heard by a sensor (AP side only); ended by AP reason 23 (802.1X authentication failed) x10.
F0029,F0001,0,warning,802.1X / EAP failure,802.1X failing for 3c:58:c2-cf0f1fcb84 on SSID-0e75838f,3c:58:c2-cf0f1fcb84,00:0b:86-55947c78a0,SSID-0e75838f,10,14:25:19,14:53:43,1789561519.341043,1789563223.580968,40,sensor02,identity loop;AP side only,10 attempts on 1 AP; 10 identity loops: the AP asked for the identity 30x and never started the EAP method; the client itself was never heard by a sensor (AP side only); ended by AP reason 23 (802.1X authentication failed) x10.
F0030,F0001,0,warning,802.1X / EAP failure,802.1X failing for 3c:58:c2-0ba1e10b3a on SSID-0e75838f,3c:58:c2-0ba1e10b3a,00:0b:86-dae30fdf22,SSID-0e75838f,10,14:25:23,14:53:37,1789561523.033484,1789563217.265318,36,sensor01,identity loop;AP side only,10 attempts on 1 AP; 10 identity loops: the AP asked for the identity 30x and never started the EAP method; the client itself was never heard by a sensor (AP side only); ended by AP reason 23 (802.1X authentication failed) x9.
F0031,F0001,0,warning,802.1X / EAP failure,802.1X failing for 3c:58:c2-3291186346 on SSID-0e75838f,3c:58:c2-3291186346,00:0b:86-734f7dc6c1,SSID-0e75838f,10,14:25:28,14:52:36,1789561528.316468,1789563156.435633,44,sensor03,identity loop;client answered,10 attempts on 1 AP; 10 identity loops: the AP asked for the identity 28x and never started the EAP method; client answered 30 EAP requests; ended by AP reason 23 (802.1X authentication failed) x9.
F0032,F0001,0,warning,802.1X / EAP failure,802.1X failing for 3c:58:c2-12d19f28d3 on SSID-0e75838f,3c:58:c2-12d19f28d3,00:0b:86-3432b1b328,SSID-0e75838f,10,14:25:32,14:53:20,1789561532.084879,1789563200.234982,48,sensor04,identity loop;AP side only,10 attempts on 1 AP; 10 identity loops: the AP asked for the identity 30x and never started the EAP method; the client itself was never heard by a sensor (AP side only); ended by AP reason 23 (802.1X authentication failed) x10.
F0033,F0001,0,warning,802.1X / EAP failure,802.1X failing for f0:18:98-7473256bb8 on SSID-0e75838f,f0:18:98-7473256bb8,00:0b:86-cb422be1c8,SSID-0e75838f,10,14:25:35,14:52:24,1789561535.523597,1789563144.651193,153,sensor06,identity loop;AP side only,10 attempts on 1 AP; 10 identity loops: the AP asked for the identity 30x and never started the EAP method; the client itself was never heard by a sensor (AP side only); ended by AP reason 23 (802.1X authentication failed) x10.
F0034,F0001,0,warning,802.1X / EAP failure,802.1X failing for f0:18:98-5808b99b8c on SSID-0e75838f,f0:18:98-5808b99b8c,00:0b:86-45300fa5c1,SSID-0e75838f,10,14:25:43,14:51:53,1789561543.373233,1789563113.472474,40,sensor02,identity loop;client answered,10 attempts on 1 AP; 10 identity loops: the AP asked for the identity 30x and never started the EAP method; client answered 27 EAP requests; ended by AP reason 23 (802.1X authentication failed) x10.
F0035,F0001,0,warning,802.1X / EAP failure,802.1X failing for f0:18:98-5328a31b20 on SSID-0e75838f,f0:18:98-5328a31b20,00:0b:86-9da59c4184,SSID-0e75838f,10,14:25:44,14:53:56,1789561544.311181,1789563236.471446,44,sensor03,identity loop;AP side only,10 attempts on 1 AP; 10 identity loops: the AP asked for the identity 30x and never started the EAP method; the client itself was never heard by a sensor (AP side only); ended by AP reason 23 (802.1X authentication failed) x10.
F0036,F0001,0,warning,802.1X / EAP failure,802.1X failing for f0:18:98-099f7faa28 on SSID-0e75838f,f0:18:98-099f7faa28,00:0b:86-b65eae4906,SSID-0e75838f,10,14:25:57,14:52:16,1789561557.916644,1789563136.168172,161,sensor08,identity loop;AP side only,10 attempts on 1 AP; 10 identity loops: the AP asked for the identity 30x and never started the EAP method; the client itself was never heard by a sensor (AP side only); ended by AP reason 23 (802.1X authentication failed) x10.
F0037,F0001,0,warning,802.1X / EAP failure,802.1X failing for f0:18:98-2c01fb12e7 on SSID-0e75838f,f0:18:98-2c01fb12e7,00:0b:86-143aa8e7fd,SSID-0e75838f,10,14:26:07,14:48:58,1789561567.856656,1789562938.857053,149,sensor05,identity loop;AP side only,10 attempts on 1 AP; 10 identity loops: the AP asked for the identity 24x and never started the EAP method; the client itself was never heard by a sensor (AP side only); ended by AP reason 23 (802.1X authentication failed) x9.
F0038,F0001,0,warning,802.1X / EAP failure,802.1X failing for f0:18:98-2cd4ecae14 on SSID-0e75838f,f0:18:98-2cd4ecae14,00:0b:86-1495ce4659,SSID-0e75838f,10,14:26:11,14:53:42,1789561571.520163,1789563222.799576,153,sensor06,identity loop;AP side only,10 attempts on 1 AP; 10 identity loops: the AP asked for the identity 30x and never started the EAP method; the client itself was never heard by a sensor (AP side only); ended by AP reason 23 (802.1X authentication failed) x10.
F0039,F0001,0,warning,802.1X / EAP failure,802.1X failing for f0:18:98-7078c15da5 on SSID-0e75838f,f0:18:98-7078c15da5,00:0b:86-b8a91d3700,SSID-0e75838f,10,14:26:12,14:54:08,1789561572.863136,1789563248.147694,157,sensor07,identity loop;client answered,10 attempts on 1 AP; 10 identity loops: the AP asked for the identity 30x and never started the EAP method; client answered 30 EAP requests; ended by AP reason 23 (802.1X authentication failed) x10.
F0040,F0001,0,warning,802.1X / EAP failure,802.1X failing for f0:18:98-5719729c14 on SSID-0e75838f,f0:18:98-5719729c14,00:0b:86-f1139be7fc,SSID-0e75838f,10,14:26:17,14:53:46,1789561577.049478,1789563226.246892,36,sensor01,identity loop;AP side only,10 attempts on 1 AP; 10 identity loops: the AP asked for the identity 30x and never started the EAP method; the client itself was never heard by a sensor (AP side only); ended by AP reason 23 (802.1X authentication failed) x10.
F0041,F0001,0,warning,802.1X / EAP failure,802.1X failing for f0:18:98-89ee00f2c0 on SSID-0e75838f,f0:18:98-89ee00f2c0,00:0b:86-55947c78a0,SSID-0e75838f,10,14:26:19,14:53:40,1789561579.355706,1789563220.612692,40,sensor02,identity loop;client answered,10 attempts on 1 AP; 10 identity loops: the AP asked for the identity 29x and never started the EAP method; client answered 29 EAP requests; ended by AP reason 23 (802.1X authentication failed) x10.
F0042,F0001,0,warning,802.1X / EAP failure,802.1X failing for f0:18:98-1dc6358c68 on SSID-0e75838f,f0:18:98-1dc6358c68,00:0b:86-5e7efdd7b4,SSID-0e75838f,10,14:26:21,14:52:39,1789561581.357875,1789563159.630752,40,sensor02,identity loop;AP side only,10 attempts on 1 AP; 10 identity loops: the AP asked for the identity 30x and never started the EAP method; the client itself was never heard by a sensor (AP side only); ended by AP reason 23 (802.1X authentication failed) x10.
F0043,F0001,0,warning,802.1X / EAP failure,802.1X failing for f0:18:98-49cc8eddae on SSID-0e75838f,f0:18:98-49cc8eddae,00:0b:86-dae30fdf22,SSID-0e75838f,10,14:26:23,14:50:36,1789561583.057526,1789563036.152961,36,sensor01,identity loop;AP side only,10 attempts on 1 AP; 10 identity loops: the AP asked for the identity 26x and never started the EAP method; the client itself was never heard by a sensor (AP side only); ended by AP reason 23 (802.1X authentication failed) x9.
F0044,F0001,0,warning,802.1X / EAP failure,802.1X failing for f0:18:98-231eab87a6 on SSID-0e75838f,f0:18:98-231eab87a6,00:0b:86-0b991e0b70,SSID-0e75838f,10,14:26:25,14:53:10,1789561585.069505,1789563190.288997,36,sensor01,identity loop;AP side only,10 attempts on 1 AP; 10 identity loops: the AP asked for the identity 29x and never started the EAP method; the client itself was never heard by a sensor (AP side only); ended by AP reason 23 (802.1X authentication failed) x10.
F0045,F0001,0,warning,802.1X / EAP failure,802.1X failing for f0:18:98-d74d9e1dad on SSID-0e75838f,f0:18:98-d74d9e1dad,00:0b:86-45300fa5c1,SSID-0e75838f,10,14:26:43,14:50:03,1789561603.370354,1789563003.367847,40,sensor02,identity loop;AP side only,10 attempts on 1 AP; 10 identity loops: the AP asked for the identity 26x and never started the EAP method; the client itself was never heard by a sensor (AP side only); ended by AP reason 23 (802.1X authentication failed) x9.
F0046,F0001,0,warning,802.1X / EAP failure,802.1X failing for 3c:58:c2-51dbdab6cc on SSID-0e75838f,3c:58:c2-51dbdab6cc,00:0b:86-0b991e0b70,SSID-0e75838f,9,14:25:25,14:49:52,1789561525.089805,1789562992.246147,36,sensor01,identity loop;AP side only,9 attempts on 1 AP; 9 identity loops: the AP asked for the identity 26x and never started the EAP method; the client itself was never heard by a sensor (AP side only); ended by AP reason 23 (802.1X authentication failed) x9.
F0047,F0001,0,warning,802.1X / EAP failure,802.1X failing for f0:18:98-2db39e8437 on SSID-0e75838f,f0:18:98-2db39e8437,00:0b:86-b331ee2a78,SSID-0e75838f,9,14:25:36,14:49:31,1789561536.855713,1789562971.878191,157,sensor07,identity loop;client answered,9 attempts on 1 AP; 9 identity loops: the AP asked for the identity 26x and never started the EAP method; client answered 26 EAP requests; ended by AP reason 23 (802.1X authentication failed) x9.
F0048,F0001,0,warning,802.1X / EAP failure,802.1X failing for f0:18:98-6309bfcedd on SSID-0e75838f,f0:18:98-6309bfcedd,00:0b:86-3b95d0bfdb,SSID-0e75838f,9,14:25:39,14:50:02,1789561539.952484,1789563002.080098,161,sensor08,identity loop;AP side only,9 attempts on 1 AP; 9 identity loops: the AP asked for the identity 27x and never started the EAP method; the client itself was never heard by a sensor (AP side only); ended by AP reason 23 (802.1X authentication failed) x9.
F0049,F0001,0,warning,802.1X / EAP failure,802.1X failing for f0:18:98-f7b975dee7 on SSID-0e75838f,f0:18:98-f7b975dee7,00:0b:86-e3d3096560,SSID-0e75838f,9,14:25:41,14:49:35,1789561541.049464,1789562975.128943,36,sensor01,identity loop;AP side only,9 attempts on 1 AP; 9 identity loops: the AP asked for the identity 26x and never started the EAP method; the client itself was never heard by a sensor (AP side only); ended by AP reason 23 (802.1X authentication failed) x9.
F0050,F0001,0,warning,802.1X / EAP failure,802.1X failing for f0:18:98-a198c2430c on SSID-0e75838f,f0:18:98-a198c2430c,00:0b:86-1dc725a6cc,SSID-0e75838f,9,14:25:47,14:48:13,1789561547.828631,1789562893.887936,149,sensor05,identity loop;AP side only,9 attempts on 1 AP; 9 identity loops: the AP asked for the identity 27x and never started the EAP method; the client itself was never heard by a sensor (AP side only); ended by AP reason 23 (802.1X authentication failed) x9.
F0051,F0001,0,warning,802.1X / EAP failure,802.1X failing for f0:18:98-7846b32186 on SSID-0e75838f,f0:18:98-7846b32186,00:0b:86-d0fc6f9ef6,SSID-0e75838f,9,14:25:49,14:49:52,1789561549.856894,1789562992.861031,149,sensor05,identity loop;AP side only,9 attempts on 1 AP; 9 identity loops: the AP asked for the identity 27x and never started the EAP method; the client itself was never heard by a sensor (AP side only); ended by AP reason 23 (802.1X authentication failed) x9.
F0052,F0001,0,warning,802.1X / EAP failure,802.1X failing for f0:18:98-f73fb62d14 on SSID-0e75838f,f0:18:98-f73fb62d14,00:0b:86-9d11e95964,SSID-0e75838f,9,14:25:59,14:53:22,1789561559.061486,1789563202.141164,36,sensor01,identity loop;AP side only,9 attempts on 1 AP; 9 identity loops: the AP asked for the identity 30x and never started the EAP method; the client itself was never heard by a sensor (AP side only); ended by AP reason 23 (802.1X authentication failed) x9.
F0053,F0001,0,warning,802.1X / EAP failure,802.1X failing for f0:18:98-5af9d710bd on SSID-0e75838f,f0:18:98-5af9d710bd,00:0b:86-c6dc21f959,SSID-0e75838f,9,14:26:01,14:50:11,1789561561.369516,1789563011.432628,40,sensor02,identity loop;AP side only,9 attempts on 1 AP; 9 identity loops: the AP asked for the identity 27x and never started the EAP method; the client itself was never heard by a sensor (AP side only); ended by AP reason 23 (802.1X authentication failed) x9.
F0054,F0001,0,warning,802.1X / EAP failure,802.1X failing for f0:18:98-155ce57e07 on SSID-0e75838f,f0:18:98-155ce57e07,00:0b:86-c563bec2bb,SSID-0e75838f,9,14:26:02,14:49:13,1789561562.314746,1789562953.296519,44,sensor03,identity loop;AP side only,9 attempts on 1 AP; 9 identity loops: the AP asked for the identity 27x and never started the EAP method; the client itself was never heard by a sensor (AP side only); ended by AP reason 23 (802.1X authentication failed) x9.
F0055,F0001,0,warning,802.1X / EAP failure,802.1X failing for f0:18:98-d4d67b46c7 on SSID-0e75838f,f0:18:98-d4d67b46c7,00:0b:86-0da635ce66,SSID-0e75838f,9,14:26:06,14:50:26,1789561566.094747,1789563026.166854,48,sensor04,identity loop;client answered,9 attempts on 1 AP; 9 identity loops: the AP asked for the identity 27x and never started the EAP method; client answered 27 EAP requests; ended by AP reason 23 (802.1X authentication failed) x9.
F0056,F0001,0,warning,802.1X / EAP failure,802.1X failing for f0:18:98-1b4540508c on SSID-0e75838f,f0:18:98-1b4540508c,00:0b:86-fde6a3f13a,SSID-0e75838f,9,14:26:08,14:50:37,1789561568.100997,1789563037.172428,48,sensor04,identity loop;AP side only,9 attempts on 1 AP; 9 identity loops: the AP asked for the identity 27x and never started the EAP method; the client itself was never heard by a sensor (AP side only); ended by AP reason 23 (802.1X authentication failed) x9.
F0057,F0001,0,warning,802.1X / EAP failure,802.1X failing for f0:18:98-8579109d16 on SSID-0e75838f,f0:18:98-8579109d16,00:0b:86-a788a12c6b,SSID-0e75838f,9,14:26:15,14:50:19,1789561575.912598,1789563019.054573,161,sensor08,identity loop;AP side only,9 attempts on 1 AP; 9 identity loops: the AP asked for the identity 26x and never started the EAP method; the client itself was never heard by a sensor (AP side only); ended by AP reason 23 (802.1X authentication failed) x9.
F0058,F0001,0,warning,802.1X / EAP failure,802.1X failing for f0:18:98-34b913aa96 on SSID-0e75838f,f0:18:98-34b913aa96,00:0b:86-df7c557123,SSID-0e75838f,9,14:26:31,14:49:42,1789561591.861428,1789562982.007329,149,sensor05,identity loop;AP side only,9 attempts on 1 AP; 9 identity loops: the AP asked for the identity 27x and never started the EAP method; the client itself was never heard by a sensor (AP side only); ended by AP reason 23 (802.1X authentication failed) x9.
F0059,F0001,0,warning,802.1X / EAP failure,802.1X failing for f0:18:98-936b8d75ec on SSID-0e75838f,f0:18:98-936b8d75ec,00:0b:86-cb422be1c8,SSID-0e75838f,9,14:26:35,14:54:06,1789561595.544665,1789563246.821007,153,sensor06,identity loop;AP side only,9 attempts on 1 AP; 9 identity loops: the AP asked for the identity 29x and never started the EAP method; the client itself was never heard by a sensor (AP side only); ended by AP reason 23 (802.1X authentication failed) x8.
F0060,F0001,0,warning,802.1X / EAP failure,802.1X failing for f0:18:98-9f489fb9fc on SSID-0e75838f,f0:18:98-9f489fb9fc,00:0b:86-b331ee2a78,SSID-0e75838f,9,14:26:36,14:50:29,1789561596.867,1789563029.952984,157,sensor07,identity loop;client answered,9 attempts on 1 AP; 9 identity loops: the AP asked for the identity 27x and never started the EAP method; client answered 27 EAP requests; ended by AP reason 23 (802.1X authentication failed) x9.
F0061,F0001,0,warning,802.1X / EAP failure,802.1X failing for f0:18:98-66922cb0bf on SSID-0e75838f,f0:18:98-66922cb0bf,00:0b:86-e3d3096560,SSID-0e75838f,9,14:26:41,14:51:13,1789561601.097898,1789563073.180606,36,sensor01,identity loop;AP side only,9 attempts on 1 AP; 9 identity loops: the AP asked for the identity 25x and never started the EAP method; the client itself was never heard by a sensor (AP side only); ended by AP reason 23 (802.1X authentication failed) x9.
F0062,F0001,0,warning,802.1X / EAP failure,802.1X failing for f0:18:98-1cb6853cab on SSID-0e75838f,f0:18:98-1cb6853cab,00:0b:86-9da59c4184,SSID-0e75838f,9,14:26:44,14:49:57,1789561604.349986,1789562997.41955,44,sensor03,identity loop;AP side only,9 attempts on 1 AP; 9 identity loops: the AP asked for the identity 27x and never started the EAP method; the client itself was never heard by a sensor (AP side only); ended by AP reason 23 (802.1X authentication failed) x9.
F0063,F0001,0,warning,802.1X / EAP failure,802.1X failing for f0:18:98-4530f42a57 on SSID-0e75838f,f0:18:98-4530f42a57,00:0b:86-734f7dc6c1,SSID-0e75838f,8,14:26:28,14:49:48,1789561588.318106,1789562988.387133,44,sensor03,identity loop;AP side only,8 attempts on 1 AP; 8 identity loops: the AP asked for the identity 27x and never started the EAP method; the client itself was never heard by a sensor (AP side only); ended by AP reason 23 (802.1X authentication failed) x8.
F0064,F0001,0,warning,802.1X / EAP failure,802.1X failing for f0:18:98-3e47ee9fef on SSID-0e75838f,f0:18:98-3e47ee9fef,00:0b:86-3432b1b328,SSID-0e75838f,8,14:26:32,14:51:08,1789561592.093435,1789563068.180131,48,sensor04,identity loop;AP side only,8 attempts on 1 AP; 8 identity loops: the AP asked for the identity 27x and never started the EAP method; the client itself was never heard by a sensor (AP side only); ended by AP reason 23 (802.1X authentication failed) x7.
F0065,,18,serious,Deauth / disassoc loop,APs keep disconnecting 18 clients (reason 2) from 14:30:53,,00:0b:86-0b991e0b70;00:0b:86-0da635ce66;00:0b:86-1dc725a6cc;00:0b:86-3432b1b328;00:0b:86-3b95d0bfdb;00:0b:86-45300fa5c1;00:0b:86-734f7dc6c1;00:0b:86-9d11e95964;00:0b:86-9da59c4184;00:0b:86-b331ee2a78;00:0b:86-b65eae4906;00:0b:86-c563bec2bb;00:0b:86-c6dc21f959;00:0b:86-cb422be1c8;00:0b:86-d0fc6f9ef6;00:0b:86-dae30fdf22;00:0b:86-df7c557123;00:0b:86-e3d3096560,,18,14:30:53,14:54:12,1789561853.733627,1789563252.570642,,sensor01;sensor02;sensor03;sensor04;sensor05;sensor06;sensor07;sensor08,wave;reason 2,"1317 AP-sent disconnect frames with reason 2 (previous auth no longer valid) to 18 clients, 14:30:53-14:54:12 (about 56 per minute); each client about every 11-30 s; every client is always disconnected by the same AP; client groups: 3c:58:c2 x18. 2 further join attempts were cut short by the same disconnects before login started."
F0066,F0065,0,warning,Deauth / disassoc loop,Deauth loop on 3c:58:c2-1573a89e66: kicked every ~11 s,3c:58:c2-1573a89e66,00:0b:86-dae30fdf22,,120,14:30:53,14:54:11,1789561853.733627,1789563251.213843,,sensor01,loop;reason 2,"120 deauth frames from the same AP, reason 2 (previous auth no longer valid), 14:30:53-14:54:11, about every 11 s."
F0067,F0065,0,warning,Deauth / disassoc loop,Deauth loop on 3c:58:c2-ffa8f97013: kicked every ~11 s,3c:58:c2-ffa8f97013,00:0b:86-df7c557123,,108,14:32:18,14:54:07,1789561938.440648,1789563247.85878,,sensor05,loop;reason 2,"108 deauth frames from the same AP, reason 2 (previous auth no longer valid), 14:32:18-14:54:07, about every 11 s."
F0068,F0065,0,warning,Deauth / disassoc loop,Deauth loop on 3c:58:c2-1aba9a6208: kicked every ~12 s,3c:58:c2-1aba9a6208,00:0b:86-0b991e0b70,,105,14:31:08,14:54:09,1789561868.669364,1789563249.108287,,sensor01,loop;reason 2,"105 deauth frames from the same AP, reason 2 (previous auth no longer valid), 14:31:08-14:54:09, about every 12 s."
F0069,F0065,0,warning,Deauth / disassoc loop,Deauth loop on 3c:58:c2-4bab98f9a2: kicked every ~11 s,3c:58:c2-4bab98f9a2,00:0b:86-45300fa5c1,,105,14:33:23,14:54:07,1789562003.976966,1789563247.440766,,sensor02,loop;reason 2,"105 deauth frames from the same AP, reason 2 (previous auth no longer valid), 14:33:23-14:54:07, about every 11 s."
F0070,F0065,0,warning,Deauth / disassoc loop,Deauth loop on 3c:58:c2-6d47d7524b: kicked every ~12 s,3c:58:c2-6d47d7524b,00:0b:86-cb422be1c8,,101,14:32:36,14:54:12,1789561956.152121,1789563252.570642,,sensor06,loop;reason 2,"101 deauth frames from the same AP, reason 2 (previous auth no longer valid), 14:32:36-14:54:12, about every 12 s."
F0071,F0065,0,warning,Deauth / disassoc loop,Deauth loop on 3c:58:c2-2f72ce1e3b: kicked every ~12 s,3c:58:c2-2f72ce1e3b,00:0b:86-9da59c4184,,95,14:33:37,14:54:02,1789562017.901347,1789563242.250286,,sensor03,loop;reason 2,"95 deauth frames from the same AP, reason 2 (previous auth no longer valid), 14:33:37-14:54:02, about every 12 s."
F0072,F0065,0,warning,Deauth / disassoc loop,Deauth loop on 3c:58:c2-84a3474d9a: kicked every ~13 s,3c:58:c2-84a3474d9a,00:0b:86-b331ee2a78,,89,14:32:38,14:54:05,1789561958.458297,1789563245.867166,,sensor07,loop;reason 2,"89 deauth frames from the same AP, reason 2 (previous auth no longer valid), 14:32:38-14:54:05, about every 13 s."
F0073,F0065,0,warning,Deauth / disassoc loop,Deauth loop on 3c:58:c2-6aa6450e39: kicked every ~14 s,3c:58:c2-6aa6450e39,00:0b:86-734f7dc6c1,,86,14:31:51,14:54:02,1789561911.909102,1789563242.205814,,sensor03,loop;reason 2,"86 deauth frames from the same AP, reason 2 (previous auth no longer valid), 14:31:51-14:54:02, about every 14 s."
F0074,F0065,0,warning,Deauth / disassoc loop,Deauth loop on 3c:58:c2-e3fecc08f1: kicked every ~14 s,3c:58:c2-e3fecc08f1,00:0b:86-3b95d0bfdb,,81,14:32:54,14:54:08,1789561974.535716,1789563248.872231,,sensor08,loop;reason 2,"81 deauth frames from the same AP, reason 2 (previous auth no longer valid), 14:32:54-14:54:08, about every 14 s."
F0075,F0065,0,warning,Deauth / disassoc loop,Deauth loop on 3c:58:c2-10a409d205: kicked every ~15 s,3c:58:c2-10a409d205,00:0b:86-3432b1b328,,77,14:31:54,14:54:10,1789561914.710703,1789563250.013533,,sensor04,loop;reason 2,"77 deauth frames from the same AP, reason 2 (previous auth no longer valid), 14:31:54-14:54:10, about every 15 s."
F0076,F0065,0,warning,Deauth / disassoc loop,Deauth loop on 3c:58:c2-3ef95b8867: kicked every ~15 s,3c:58:c2-3ef95b8867,00:0b:86-e3d3096560,,73,14:33:08,14:54:08,1789561988.65773,1789563248.9419,,sensor01,loop;reason 2,"73 deauth frames from the same AP, reason 2 (previous auth no longer valid), 14:33:08-14:54:08, about every 15 s."
F0077,F0065,0,warning,Deauth / disassoc loop,Disassoc loop on 3c:58:c2-0d5c056514: kicked every ~25 s,3c:58:c2-0d5c056514,00:0b:86-9d11e95964,,43,14:33:53,14:53:53,1789562033.656267,1789563233.961215,,sensor01,loop;reason 2,"43 disassoc frames from the same AP, reason 2 (previous auth no longer valid), 14:33:53-14:53:53, about every 25 s."
F0078,F0065,0,warning,Deauth / disassoc loop,Disassoc loop on 3c:58:c2-cb8be67ab4: kicked every ~26 s,3c:58:c2-cb8be67ab4,00:0b:86-1dc725a6cc,,42,14:32:49,14:54:03,1789561969.445616,1789563243.767401,,sensor05,loop;reason 2,"42 disassoc frames from the same AP, reason 2 (previous auth no longer valid), 14:32:49-14:54:03, about every 26 s."
F0079,F0065,0,warning,Deauth / disassoc loop,Disassoc loop on 3c:58:c2-994b598cb2: kicked every ~30 s,3c:58:c2-994b598cb2,00:0b:86-b65eae4906,,41,14:33:41,14:54:11,1789562021.53055,1789563251.812432,,sensor08,loop;reason 2,"41 disassoc frames from the same AP, reason 2 (previous auth no longer valid), 14:33:41-14:54:11, about every 30 s."
F0080,F0065,0,warning,Deauth / disassoc loop,Disassoc loop on 3c:58:c2-8f47a496dd: kicked every ~27 s,3c:58:c2-8f47a496dd,00:0b:86-d0fc6f9ef6,,40,14:33:09,14:53:51,1789561989.448471,1789563231.729949,,sensor05,loop;reason 2,"40 disassoc frames from the same AP, reason 2 (previous auth no longer valid), 14:33:09-14:53:51, about every 27 s."
F0081,F0065,0,warning,Deauth / disassoc loop,Disassoc loop on 3c:58:c2-097b69888b: kicked every ~26 s,3c:58:c2-097b69888b,00:0b:86-c6dc21f959,,40,14:34:12,14:54:09,1789562052.980041,1789563249.322443,,sensor02,loop;reason 2,"40 disassoc frames from the same AP, reason 2 (previous auth no longer valid), 14:34:12-14:54:09, about every 26 s."
F0082,F0065,0,warning,Deauth / disassoc loop,Disassoc loop on 3c:58:c2-43956502f3: kicked every ~27 s,3c:58:c2-43956502f3,00:0b:86-c563bec2bb,,37,14:34:30,14:53:25,1789562070.903392,1789563205.143398,,sensor03,loop;reason 2,"37 disassoc frames from the same AP, reason 2 (previous auth no longer valid), 14:34:30-14:53:25, about every 27 s."
F0083,F0065,0,warning,Deauth / disassoc loop,Disassoc loop on 3c:58:c2-378e716724: kicked every ~28 s,3c:58:c2-378e716724,00:0b:86-0da635ce66,,34,14:35:47,14:54:00,1789562147.735023,1789563240.006766,,sensor04,loop;reason 2,"34 disassoc frames from the same AP, reason 2 (previous auth no longer valid), 14:35:47-14:54:00, about every 28 s."
F0084,,0,warning,Join burst,SSID-72f1f8be: 24 join attempts from 24 clients in 2 min,,,SSID-72f1f8be,24,14:26:47,14:27:39,1789561607.832098,1789561659.934925,,sensor01;sensor02;sensor03;sensor04;sensor05;sensor06;sensor07;sensor08,reconnect wave,"Outside this wave SSID-72f1f8be averages 0.3 join attempts per minute; here 24 attempts from 24 clients hit 24 APs within 2 minutes (14:26:47). A reconnect wave like this usually follows an AP, controller or authentication event."
F0085,,0,warning,Co-channel overlap,Channel 36: 5 APs share it,,,,5,14:24:11,14:54:13,1789561451.587666,1789563253.659853,36,sensor01,channel plan,"5 APs (9 networks beaconing) are on channel 36, against a median of 3 on the other channels. Every client and AP on this channel contends for the same airtime, and beacons alone take a bigger share of it. A channel re-plan is a configuration change."
F0086,,0,warning,Co-channel overlap,Channel 40: 5 APs share it,,,,5,14:24:11,14:54:14,1789561451.863877,1789563254.0024,40,sensor02,channel plan,"5 APs (9 networks beaconing) are on channel 40, against a median of 3 on the other channels. Every client and AP on this channel contends for the same airtime, and beacons alone take a bigger share of it. A channel re-plan is a configuration change."
F0087,,0,info,4-way handshake failure,4-way handshake failing for b8:27:eb-2721f2efa5 on SSID-72f1f8be,b8:27:eb-2721f2efa5,00:0b:86-575121f2f7,SSID-72f1f8be,1,14:27:21,14:27:21,1789561641.370936,1789561641.371667,40,sensor02,"M1 sent, no M2","1 attempt on 1 AP; key messages seen M1 (M1 sent, no M2); Client did not answer key message 1 (client/driver or RF on the downlink)."
